{"piano": [47806.635803027006, 2637483.401297346, 60637.70979824319, 222270.76954347113, 41550.75632609359, 389330.489219347, 65366.49965204593, 14357.925815523178, 55197.0430616033, 116204.7848144941, 25525.143489032376, 36934.19639140206, 28647.662549179327, 28888.520678503224, 17142.15236625074, 12279.580971736505, 10714.33784979298, 17983.363181171226, 93489.15155632235, -0.6138924880699589, -0.0336198598187182, 2.8440554661034407, -1.9225220639472942, 0.004695239606392773, -0.11655139856745181, 2.5171088041393066, -2.146567909872909, 1.1255901275625002, 0.9478942233925267, -1.737895975068472, -1.9300142029368315, 1.5691053281018932, 1.0324685086295007, 2.9942412773253544, -2.1502312180239045, -1.7667428030686103, -1.9528154285076333, 1.5478074884924276], "saxophone": [192341.1658219819, 186297.6557632715, 173994.76692354874, 162061.58573763113, 169558.64408996145, 164046.0797439894, 164408.5664816893, 176879.77683379842, 200927.2846251711, 169176.14641763738, 213927.36342617465, 212195.05758214192, 203432.10431735756, 253626.52157053506, 252781.0104762892, 301854.69411818427, 366130.1905483971, 357247.57412919437, 501066.77474537713, -0.00325044863388917, 0.0023266724843072845, -0.13477986078597, 0.035538814291564934, 0.0509671363765328, -0.06829633863239964, 0.04564333973421659, 0.07964668402039415, 0.05755478003505559, -0.03290663961515343, 0.2089889147238253, -0.06132199186462707, 0.13386916128284032, 0.13014602880399814, 0.22351959290549256, -0.002903224453011691, 0.11910198808025062, 0.15119858370435768, 0.3157805649268306], "trumpet": [1939277.2303604526, 1980918.0981100202, 1216617.6955559247, 562467.4747556808, 148999.1422267692, 27246.3696748554, 10031.5170826749, 8661.637432879492, 4033.1263395045644, 3495.3671810897386, 1343.3166679484752, 4589.130557046661, 2174.5803094043613, 1282.3740212177718, 1686.0943134300187, 1572.035989379041, 1592.192506376291, 1569.3702928915418, 1526.6315073473447, 2.6085039486722867, 1.380792479148723, 0.6068779770995534, -0.9748815083453287, -2.714652921850381, 3.093211291735383, 2.4634334510459817, 1.0735433441868103, -0.3555389587672304, -0.4647711213023805, -0.9362175711415983, -0.8174611935147038, -1.5533821657674922, -0.25630962947912816, -0.9797821355298154, -0.8639621101984901, -0.7834951419798556, -0.7464901771691058, -0.7230546387114799]}